name,username,password,access_level
Willy Cull,wcull0,XPwXO3Pa,admin
Mackenzie Matuszewski,mmatuszewski1,Qu8xkQz8yaX,admin
Barbie Lutz,blutz2,sCjpw1AD,guest
Adelice Cossey,acossey3,EphWDCn,user
Anica Leather,aleather4,M2nqe5ZVxo,guest
Jamie Downie,jdownie5,eAwUW7Eh1,admin
Layton Downton,ldownton6,VXd1IfF48P6,user
Alano Crewe,acrewe7,EDc2yeNOGv,guest
Talyah O'Lahy,tolahy8,VgtaDp,admin
Elvis Purkins,epurkins9,gYq8aRI43Qd5,admin
Lucian Northfield,lnorthfielda,IroYOl4lBvR,user
Sibylla Lamborn,slambornb,oV7qzE,guest
Ddene Westmorland,dwestmorlandc,umyN2XEEg6W,user
Clemmy Henzley,chenzleyd,pePq10CV0,user
Pedro Callander,pcallandere,I49eA0Z7,guest
Ronny Van der Mark,rvanf,jsOcgo,guest
Will Elman,welmang,2YENXz8atf,guest
Teddie Mableson,tmablesonh,Uv1dLF,admin
Lorry Luty,llutyi,JZdy9SjQnXk,admin
Giffie Cotsford,gcotsfordj,CW5fkHQ24B,admin
Tomkin Paskell,tpaskellk,GaDxgtZxcoPF,guest
Gwenny Von Oertzen,gvonl,O586eu5K,admin
Gene Abramski,gabramskim,gkwxUR,guest
Noel Hassall,nhassalln,lqRYG7ms06,user
Stephanus Morling,smorlingo,XyzwBuiAcd3,admin
Thorin Pretious,tpretiousp,fMzN9moBhXL,user
Zsa zsa Alejandre,zzsaq,qc5a3F8r,guest
Karlen Robjohns,krobjohnsr,MVudx6G,user
Marchelle Statham,mstathams,aNrMId,user
Mehetabel Pidgin,mpidgint,uw196mkw,user
Wallie Benedict,wbenedictu,dsLmYbkL,user
Marquita M'Chirrie,mmchirriev,7a84uBtQ,user
Louisette Parmenter,lparmenterw,mzNCqLmnF,admin
Daniella Cabrara,dcabrarax,0PTzdCveIMy,admin
Holly Grainge,hgraingey,FE4uK2Ve0D,admin
Vladamir Hillan,vhillanz,C5Lwhyyca,user
Rozelle Meddick,rmeddick10,RC063Muqln,admin
Lorianne Millsap,lmillsap11,RHXfNnV,guest
Kacy Skewis,kskewis12,RjAEwJqPR,user
Riane Podmore,rpodmore13,L0mNpMV8bQ4,guest
Sarina Regglar,sregglar14,Os0u8P,user
Brandais Babington,bbabington15,CmmJz3paVC,admin
Gail Cowerd,gcowerd16,Za7H4CbKrIM1,admin
Min Bortoloni,mbortoloni17,zYrE4YACHZ,guest
Lilia Sarll,lsarll18,qtgTQfB6QBS,admin
Kelvin Goddert.sf,kgoddertsf19,WF6J7UVjQEE,user
Salvidor Dominico,sdominico1a,rjb8NT,guest
Marne Tavener,mtavener1b,2j2YziGuUfBZ,user
Cristiano Grigori,cgrigori1c,DGjbWHGjNr2,guest
Gabriel Hassekl,ghassekl1d,3ophnGct,user
